URL,Последнее сканирование
https://globalauto.space/remont-avto,1970-01-01
https://globalauto.space/remont/audi,1970-01-01
https://globalauto.space/remont/bmw,1970-01-01
https://globalauto.space/remont/chery,1970-01-01
https://globalauto.space/remont/chevrolet,1970-01-01
https://globalauto.space/remont/citroen,1970-01-01
https://globalauto.space/remont/dodge,1970-01-01
https://globalauto.space/remont/ford,1970-01-01
https://globalauto.space/remont/geely,1970-01-01
https://globalauto.space/remont/haval,1970-01-01
https://globalauto.space/remont/honda,1970-01-01
https://globalauto.space/remont/hyundai,1970-01-01
https://globalauto.space/remont/infiniti,1970-01-01
https://globalauto.space/remont/jeep,1970-01-01
https://globalauto.space/remont/kia,1970-01-01
https://globalauto.space/remont/lada,1970-01-01
https://globalauto.space/remont/lexus,1970-01-01
https://globalauto.space/remont/mazda,1970-01-01
https://globalauto.space/remont/mercedes,1970-01-01
https://globalauto.space/remont/mitsubishi,1970-01-01
https://globalauto.space/remont/nissan,1970-01-01
https://globalauto.space/remont/opel,1970-01-01
https://globalauto.space/remont/peugeot,1970-01-01
https://globalauto.space/remont/range-rover,1970-01-01
https://globalauto.space/remont/renault,1970-01-01
https://globalauto.space/remont/skoda,1970-01-01
https://globalauto.space/remont/subaru,1970-01-01
https://globalauto.space/remont/suzuki,1970-01-01
https://globalauto.space/remont/tesla,1970-01-01
https://globalauto.space/remont/toyota,1970-01-01
https://globalauto.space/remont/uaz,1970-01-01
https://globalauto.space/remont/volkswagen,1970-01-01